"key","url","username","title","description","favicon","tag1","tag2","tag3","tag4","tag5"
"-1","http://www.shiftforward.eu/techtalks/2013/03/why-post-functional-programming-matters/","Xiaoyun Yang","Why (Post-) Functional Programming matters","A good article on the benefits of using functional programming to build ad-tech platforms. Such benefits include scalability (e.g., monoids), referential transparency (which gives you resiliency, inherent parallelism, laziness, and momoization), and modularity (e.g., function composition and higher order functions).","Reading","Engineering","motivation","Scala","NULL","NULL"
"2","http://xiaoyunyang.github.io/presentation.html","LooseLeaf","Interactive Data Presentation","A presentation on how data visualization can be used for better story telling and decision making.","Reading","Product","business","plan","motivation","in progress"
"-3","http://looseleaf.us","LooseLeaf","LooseLeaf.us","A social media platform for online education","Website","Product","in progress","NULL","NULL","NULL"
"-4","https://medium.com/@xiaoyunyang/thanks-this-lean-startup-canvas-is-a-really-helpful-exercise-for-me-as-i-m-working-on-launching-my-f23e13f146f1#.brqe7a45j","LooseLeaf","Startup Canvas for LooseLeaf","What LooseLeaf is about in an image - includes descriptions on the product, unique marketable elements, key message, target audience, and audience Influencer. Inspired by Jon Westenberg's article.","Image","business","plan","NULL","NULL","NULL"
"-5","https://www.youtube.com/watch?v=6BTg8OXhEZk","TED","Open data driven policies","Ben Wellington talks about how public decision making should be more data-driven and how data visualization can be used to make public data more accessible to people.","Video","Marketing","idea","use case","NULL","NULL"
"-6","http://www.gapminder.org/data/","Has Rosling","Public Data from Gapminder","Data in health, economy, work, population, disease etc ready for visualization","Website","Marketing","idea","use case","NULL","NULL"
"-7","https://www.youtube.com/watch?v=h2p1-8IWB08","TED","Storytelling using data visualization","Lam Ghuy Vo gives this talk on constructing active storytelling using data visualization. Insight gained from this talk includes the various story telling format, including Chronological (time), logical, and spatial/location proximity.","Video","UX","Design","motivation","idea","NULL"
"-8","https://www.youtube.com/watch?v=bBS2qDCFzD8","TED","The death of democracy: Daylin Leach at TEDxPhoenixville","","Video","Marketing","idea","use case","NULL","NULL"
"-9","https://www.youtube.com/watch?v=PJy8vTu66tE","TED","Our democracy no longer represents the people","Larry Lessig talks about how an average American's vote carries little to no weight in effecting change. Issues with Gerrymandering, party membership cost and donations are discussed.","Video","Marketing","idea","use case","NULL","NULL"
"-10","https://www.linkedin.com/pulse/20141208023559-947775-reactive-programming-using-rxjava-and-akka","Xiaoyun Yang","Reactive Programmng using RxJava and Akka","An intro of the reactive programming paradigm and a discussion about the differences between event driven concurrency and actor based concurrency.","Reading","Engineering","reactive","learning","NULL","NULL"
"-11","http://blog.arkitex.co.za/?p=134","Xiaoyun Yang","Reactive applications and an intro to event driven architecture","Why switch from event driven to message driven concurrency","Reading","Engineering","reactive","learning","NULL","NULL"
"-12","http://berb.github.io/diploma-thesis/original/055_events.html","Xiaoyun Yang","Event Driven Concurrency Theory","","Reading","Engineering","reactive","learning","NULL","NULL"
"-13","http://berb.github.io/diploma-thesis/original/054_actors.html","Xiaoyun Yang","Actor-based Concurrency","The actor model has its theoretical roots in concurrency modeling and message passing","Reading","Engineering","reactive","learning","NULL","NULL"
"-14","https://www.youtube.com/watch?v=ZOKcedfE_nM","Xiaoyun Yang","Freemium business model lecture","Chris Anderson, the author of ""Free: The Future of a Radical Price"", discusses the freemium business model (give away 90% of your stuff for free and upsell the remaining 10% to the power users). There other kinds of economies besides the monetary economy, for example, the time economy (people pay to save time) and the reputation economy.","Video","Marketing","business","learning","NULL","NULL"
"-15","https://medium.com/@milankinen/containers-are-dead-long-live-observable-combinators-2cb0c1f06c96#.65vh5ub20","Xiaoyun Yang","Functional Reactive Programming with Observer Pattern","How to use Bacon.js and ReactJS to build observer combinator components","Reading","Engineering","frontend","learning","NULL","NULL"
"-16","https://jawbone.com/blog/university-students-sleep/","Quarts","An interactive chart showing the correlation between eliteness of school and how late students sleep","Students at most schools get the same amount of shut-eye on average - 7 hours and 3 minutes. But students at top-rank schools showed an intriguing patter.","Interactive","Engineering","frontend","D3","datavis","NULL"
"-17","http://www.vinaysahni.com/best-practices-for-a-pragmatic-restful-api","Xiaoyun Yang","Best practice for RESTful API","How to design URI for RESTful web services","Reading","Engineering","backend","learning","NULL","NULL"
"-18","https://medium.com/@xiaoyunyang/why-is-that-91754f6b72bc#.ukq0rnw8z","LooseLeaf","Entreneurship should be easy and fun","Why Entrepreneurship is hard and how a virtual community for mentorship can help.","Reading","Marketing","use case","idea","business","NULL"
"-19","https://medium.com/reactive-programming/what-is-reactive-programming-bc9fa7f4a7fc#.jnsw5jo6p","Xiaoyun Yang","Reactive Programming - What and why","The principles of reactive programming and why use it","Reading","Engineering","reactive","motivation","NULL","NULL"
"-20","http://www.infoworld.com/article/2840235/application-development/9-cutting-edge-programming-languages-worth-learning-next.html","Xiaoyun Yang","Functional Programming in Industry","Why you should learn functional programming and what are the languages to learn","Reading","Engineering","motivation","NULL","NULL","NULL"
"-21","https://docs.google.com/presentation/d/1vUSEp6Ph6CsJlZG_FbGIDkTRwM05l2mVBM_QN1oqAHU/edit?pref=2&pli=1#slide=id.p","LooseLeaf","LooseLeaf Business Plan presentation","What obvious serious problem we are solving, why our solution works, how we are capable of delivering the solution","Reading","Marketing","business","plan","in progress","NULL"
"-22","https://medium.com/@milankinen/containers-are-dead-long-live-observable-combinators-2cb0c1f06c96#.dpn08e9po","Xiaoyun Yang","ReactJS and BaconJS communication between components","Redux vs. FRP with BaconJS","Code","Engineering","frontend","ReactJS","Bacon.js","learning"
"-23","https://medium.com/@milankinen/good-bye-flux-welcome-bacon-rx-23c71abfb1a7#.gwsy5vahe","Xiaoyun Yang","Flux vs. BaconJS","","Reading","Engineering","frontend","ReactJS","Flux","Bacon.js"
"-24","http://oli.me.uk/2015/09/09/d3-within-react-the-right-way/","Xiaoyun Yang","Integrate D3 with React","Both libraries manipulates the DOM. Takeaway is that D3 should not be able to manipulate a DOM element that React created. But do the elements D3 require React's DOM reconciliation?","Reading","Engineering","D3","ReactJS","learning","frontend"
"-25","https://medium.com/@xiaoyunyang/thanks-for-this-post-8845269f500b#.mgu4s4pk0","Xiaoyun Yang","Ingredients of a successful startup pitch","My response to an article on training for venture capitalism by building an imaginary portfolio. Entrepreneurs should do this exercise too because they can improve their chances of succeeding in fundraising and building a startup if they know what investors look for.","Reading","Fundraising","business","NULL","NULL","NULL"
"-26","https://facebook.github.io/react/docs/events.html#form-events","Xiaoyun Yang","ReactJS Form Event List","","Code","Engineering","frontend","learning","ReactJS","NULL"
"-27","http://rcs.seerinteractive.com/money/","Xiaoyun Yang","How Do Companies Make Money","I think this is made with isotope","Interactive","Fundraising","business","NULL","NULL","NULL"
"-28","http://bl.ocks.org/mbostock/1153292","Xiaoyun Yang","Mobile Patent Suits Visualization","Directed Graph datavis created by Mike Botstock","Interactive","Engineering","D3","idea","datavis","Design"
"-29","https://www.youtube.com/watch?v=kZJCrxQrslA","TED","Dusty Wunderlich on the student loan crisis and how to fix it","How the trillion dollar student loan crisis can be addressed - universities need to redesign their education product around future employers' needs","Video","Marketing","business","use case","NULL","NULL"
"-30","https://medium.com/@xiaoyunyang/why-im-looking-to-youtube-for-a-well-rounded-education-f9a46210a1d1#.ichz1rupk","Xiaoyun Yang","Why I'm looking to YouTube for a well-rounded education","My curated list of YouTube Channels for learning something new in all areas, including science and technology and the humanities.","Reading","Marketing","business","use case","NULL","NULL"
"-31","http://blog.crew.co/the-science-behind-fonts-and-how-they-make-you-feel/","Xiaoyun Yang","Intro to Typography and graphic/UX design","Different fonts and what fonts to use for articles, logos, etc.","Reading","UX","Design","learning","NULL","NULL"
"-32","https://medium.com/@meagle/understanding-87566abcfb7a#.22prih56b","Xiaoyun Yang","Understanding Redux Middleware","""By currying and composing your functions, you can create powerful new functions that create a pipeline for data processing""","Reading","Engineering","frontend","Redux","NULL","NULL"
"-33","https://addyosmani.com/resources/essentialjsdesignpatterns/book/","Xiaoyun Yang","Learn Javascript Design Patterns with Addy Osmani","ebook","Reading","Engineering","frontend","software","learning","NULL"
"-34","https://jvaneyck.wordpress.com/2014/01/07/cross-domain-requests-in-javascript/","Xiaoyun Yang","How to circumvent the Same-Origin-Policy to access resource from another domain","Three techniques exist - (1) JSONP (2) Server Proxy and (3) Cross Origin Resource Sharing (CORS)","Reading","Engineering","frontend","learning","bootstrapping","NULL"
"35","http://xiaoyunyang.github.io/matrix/matrix.html","LooseLeaf","Prototype for Interactive Matrix menu (Dummy data)","Navigate your data using a heatmap / table / matrix representation of your data. Two matrix orientations, including tags vs. media and tags vs. authors.","Interactive","Demo","frontend","in progress","NULL","NULL"
"36","http://xiaoyunyang.github.io/piechart/pie-collection.html","LooseLeaf","Prototype for Interactive piechart menu","Navigate your data using a heatmap / matrix chart representation of your data. Each segment has a size that scales with the size of the sub-collection.","Interactive","Demo","frontend","in progress","NULL","NULL"
"37","http://xiaoyunyang.github.io/#matrix","LooseLeaf","Prototype for Interactive Matrix menu (for bookmarks)","Prototype for Interactive Matrix menu for a dynamic collection of bookmarks curated around arbitrary tags. The menu chart allows for one and two dimensional filtering using tags and media-type.","Interactive","Demo","frontend","in progress","NULL","NULL"
"-38","https://github.com/xiaoyunyang/play-react-d3","LooseLeaf","Prototype for backend built in Play and Scala","","Code","Demo","backend","in progress","NULL","NULL"
"-39","https://medium.com/@scottdanielcooper/how-being-in-a-band-taught-me-everything-i-know-about-marketing-and-running-a-business-40e2eedbbd82#.k5jem49nn","Xiaoyun Yang","What you learn about starting a business from being in a band","","Reading","Marketing","business","learning","NULL","NULL"
"-40","https://medium.com/javascript-scene/the-two-pillars-of-javascript-pt-2-functional-programming-a63aa53a41a4#.cq71u5b2k","Xiaoyun Yang","Functional Programming in Javascript","""JavaScript makes it easy to assign functions to variables, pass them into other functions, return functions from other functions, compose functions, and so on. JavaScript also offers immutable values for primitive types, and features that make it easy to return new objects and arrays rather than manipulate properties of those that are passed in as arguments.""","Reading","Engineering","learning","frontend","NULL","NULL"
"-41","https://github.com/stoeffel/awesome-fp-js","Xiaoyun Yang","A curated list of javascript functional programming libraries and resources","","Reading","Engineering","resources","NULL","NULL","NULL"
"-42","http://jamesknelson.com/grokking-es6-promises-the-four-functions-you-need-to-avoid-callback-hell/","Xiaoyun Yang","Promises in ES6","Avoid callback hell","Reading","Engineering","learning","frontend","NULL","NULL"
"-43","http://webapplog.com/es6/","Xiaoyun Yang","Top 10 Features of ES6","Some code examples to compare ES6 with ES5 to quantify the improvements","Reading","Engineering","learning","frontend","NULL","NULL"
"-44","https://medium.freecodecamp.com/designing-in-color-abd358660a7b#.mia5bremf","Xiaoyun Yang","Choosing colors in your design","Picking a color for your logo and website etc","Reading","UX","Design","frontend","NULL","NULL"
"-45","https://www.evernote.com/l/AF8_VDZJWOlJTKLsbtouJh_D-i1MGCriQdw","Xiaoyun Yang","Newbie's Guide to Web Design Webapp Dev","live doc on hosted on evernote","Reading","Engineering","learning","in progress","frontend","backend"
"-46","https://www.quora.com/Peter-Norvig-In-what-ways-has-AI-evolved-that-you-didnt-expect-over-your-lifetime","Google","How AI evolved per Peter Novig","","Discussion","AI","motivation","NULL","NULL","NULL"
"-47","https://www.quora.com/What-do-you-think-of-Deep-Learning-2","Google","What does the research director at Google feel about Deep Learning","""We have recurrent networks to deal with time, and recursive networks to deal with nested structure, but it's too early to tell whether these are sufficient.""","Discussion","AI","deep learning","NULL","NULL","NULL"
"-48","https://www.quora.com/Is-there-any-place-for-software-engineers-that-do-not-learn-AI-or-Machine-Learning-in-the-next-10-years-or-does-everyone-have-to-learn-it","Google","How important is Machine Learning for software engineering?","You don't have to be an expert of machine learning, but the better you know about machine learning, the better you will be at architecturing a solution.","Discussion","AI","motivation","NULL","NULL","NULL"
"-49","https://www.quora.com/session/Peter-Norvig/1","Google","Peter Norvig's Quora Session Recap","","Website","AI","NULL","NULL","NULL","NULL"
"-50","http://staltz.com/unidirectional-user-interface-architectures.html","Xiaoyun Yang","Unidirectional User Interface Architecture","Quick overview of unidirectional data flow architecture and a comparison between Flux, Redux, Elm arch, Cycle, and BEST","Reading","Engineering","frontend","ReactJS","learning","NULL"
"-51","https://www.quora.com/What-makes-Bayesian-reasoning-appealing-to-you","Xiaoyun Yang","The Appeal of Bayesian Reasoning","Bayesian reasoning is an elegant and practically useful approach to model mapping from s->x. The appeal of the probability approach is that it naturally enables one to integrate prior knowledge about a problem into the solution.","Discussion","AI","bayesian","model","markov","NULL"
"-52","https://www.quora.com/session/David-Barber-34/1","Xiaoyun Yang","David Barber's Quora Session Recap","","Website","AI","NULL","NULL","NULL","NULL"
"-53","http://blog.crew.co/the-science-behind-fonts-and-how-they-make-you-feel/","Xiaoyun Yang","The Science Behind Fonts and How they make you feel","UX design","Reading","UX","frontend","Design","NULL","NULL"
"-54","https://www.quora.com/What-are-some-good-pre-seed-investment-firms-in-DC","Xiaoyun Yang","Early stage funding in DC","Takeaway - Three angels (NextGen Angels, Mark Walsh, and Sean Glass), one accelerator (Acceleprise) and one incubator (1776). 3Si Micro Venture & Holdings is a pre-seed investment firm.","Discussion","Fundraising","business","NULL","NULL","NULL"
"-55","https://www.quora.com/How-important-is-understanding-the-brain-for-deep-learning-and-vice-versa-3","Xiaoyun Yang","How important is understanding the brain for deep learning","Understanding how the brain processes information (heirarchical, binary, distributed, asynchronous) can greatly benefit understanding of deep learning","Discussion","AI","deep learning","NULL","NULL","NULL"
"-56","https://venngage.com/blog/google-io/?utm_source=newsletter&utm_medium=email&utm_term=infographic&utm_content=data%20visualization&utm_campaign=google","Xiaoyun Yang","Google I/O releases 2008 - 2016 infographics","","Image","Engineering","Design","frontend","backend","NULL"
"-57","https://angel.co/pre-seed/investors","Xiaoyun Yang","Pre-seed Angel Investors","AngelList","Interactive","Fundraising","business","NULL","NULL","NULL"
"-58","https://www.quora.com/What-is-seed-funding-and-how-does-it-work","Xiaoyun Yang","What is seed funding and how you get it","Answer on Quora","Discussion","Fundraising","business","NULL","NULL","NULL"
"-59","https://medium.com/data-lab/introducing-charted-15161b2cd71e#.lzzvhvtbs","Xiaoyun Yang","What is Charted and how Medium uses it","An article written by Medium on their open source project","Reading","UX","Design","frontend","datavis","NULL"
"-60","https://medium.com/life-learning/vcs-fund-people-and-products-not-pitch-decks-c692847b555b#.8r0am11sf","Xiaoyun Yang","How to pitch to a VC","","Reading","Fundraising","NULL","NULL","NULL","NULL"
"-61","https://medium.com/@nchirls/the-current-state-of-seed-investing-c2929443058f#.rxl354yvn","Xiaoyun Yang","The current state of ""seed"" funding","things you need to know if you're a first time entrepreneur looking for seed funding","Reading","Fundraising","NULL","NULL","NULL","NULL"
"-63","https://productforums.google.com/forum/#!topic/docs/An-nZtjaupU","Xiaoyun Yang","Publish google sheets to the web in CSV format","","Discussion","Engineering","frontend","bootstrapping","NULL","NULL"
"-64","https://medium.com/conquering-corporate-america/9-ways-to-look-smart-at-your-next-tech-conference-accb19d1b266#.wzszmucbr","Xiaoyun Yang","9 Ways to look smart at your next tech conference","Funny but true lessons on how to behave yourself at tech conferences to stand out and promote your business.","Reading","Marketing","traction","NULL","NULL","NULL"
"-65","http://www.businessinsider.com/lessons-entrepreneurs-learned-in-their-20s-2015-1?op=1#ixzz3R8FgYzyR","Xiaoyun Yang","15 Entrepreneurs share the most important lessons they learned in their 20s","","Reading","learning","lessons","NULL","NULL","NULL"
"-66","http://bl.ocks.org/pbogden/d46d6dbfcd6f35a3ccda","Xiaoyun Yang","Retrieve data as CSV from google sheets","Using CORS. hosted on bl.ocks.","Reading","Engineering","frontend","learning","bootstrapping","NULL"
"-67","http://www.vulture.com/2016/01/100-jokes-shaped-modern-comedy-c-v-r.html?utm_source=pocket&utm_medium=email&utm_campaign=pockethits","Xiaoyun Yang","100 Jokes that changed modern history","Awesome timeline navigation features","Interactive","Engineering","datavis","idea","NULL","NULL"
"-68","http://www.nsf.gov/eng/iip/sbir/topics/EA.jsp","LooseLeaf","NSF SBIR | Educational Technology and Application","EA2. Global, Distance, and Higher Education - EA 2 topics can include 1) innovative applications that use online learning, hybrid learning, crowdsourcing, collective intelligence, and collaborative models with new tools with the potential to deliver new and powerful educational opportunities in STEM disciplines; 2) learning environments that allow students to control and experiment with educational situations in relationship to their personal learning style to acquire knowledge anytime, anywhere; 3) technologies that enable innovative forms of educational collaboration across national boundaries and promotes international awareness, diversity, and understanding; 4) learning applications that provide for better decision making and informed judgments about problems and situations affecting global issues related to theory and education technology; 5) projects in which technology allows the tailoring of learning experiences to special needs and interests of groups or individuals or allows expanding formal education beyond classroom settings; 6) virtual and remote laboratories that enhance the physical science laboratory for use in global and distance learning to leverage time and availability of equipment that may otherwise be unavailable; and 7) personal learning environments that allow students to control their environment in relationship to their personal learning style in order to acquire knowledge with consideration of their mentor's expectations.","Website","Fundraising","NULL","NULL","NULL","NULL"
"-69","http://www.ncbi.nlm.nih.gov/books/NBK9607/","LooseLeaf","NSF SBIR - how to get research grants from the government for your startup","IT8. Big Data; Advanced Data Analytics - This subtopic focuses on information technology innovations in the fields of big data and advanced data analytics. These fields cover a wide range of technical sub-specialties and applications, and the examples provided are indicative only. Examples of relevant technical fields include (but are not limited to): predictive analytics; simulation; optimization; data visualization; network visualization; visual data analytics and optimization (image and video); data fusion and integration.","Reading","Fundraising","NULL","NULL","NULL","NULL"
"-70","https://www.nsf.gov/eng/iip/sbir/topics/IT.jsp","LooseLeaf","NSF SBIR | information technology","","Website","Fundraising","NULL","NULL","NULL","NULL"
"-71","http://www.businessinsider.com/time-management-tips-for-young-professionals-2015-1?op=1","Xiaoyun Yang","Time Management tips for young professionals","My favorite lessons include ""Get working...worry about quality later"", ""Timebox everything...good decisions often get made with less time, not more."", and  ""Don't schedule like a robot. The more precise a task or objective is, the easier it is to miss""","Reading","learning","NULL","NULL","NULL","NULL"
"-72","https://www.cbinsights.com/blog/startup-failure-post-mortem/","CB Insight","156 Startups Failure Post-Mortems","","Reading","learning","lessons","NULL","NULL","NULL"
"-73","https://medium.com/@kennelliott/39-studies-about-human-perception-in-30-minutes-4728f9e31a73#.56dwqmgkz","Xiaoyun Yang","39 studies about human perception in 30 minutes","","Reading","UX","Design","datavis","learning","NULL"
"-74","https://medium.com/@xiaoyunyang/thank-you-for-this-93394489a2f3#.lj76bn4be","Xiaoyun Yang","The systemic problem with the job market and higher education market","A long response I wrote to a person's article on Medium about why he feels justified to not pay his student loans. In the response, I point out the specific issues with higher education and a view of alternative to getting a degree, mainly online education. MOOC was not big in 2009 when I was applying to colleges. However, online education technology and information technology has developed overtime to be truly competitive with offering people high quality of learnining with no cost. This is the motivation for investing in online learning and information technology platforms, such as LooseLeaf.","Reading","Marketing","business","use case","idea","NULL"
"-75","https://bost.ocks.org/mike/algorithms/","Xiaoyun Yang","Visualizing Algorithms","Article written by mike Botstock","Interactive","Engineering","datavis","learning","NULL","NULL"
"-76","https://medium.com/product-hunt/tools-to-make-your-social-media-game-fire-fd5bd7af016c#.j1rsp0g2d","Xiaoyun Yang","Tools for Social Media account","","Reading","Marketing","business","traction","NULL","NULL"
"-77","http://www.nytimes.com/interactive/2012/11/02/us/politics/paths-to-the-white-house.html","Xiaoyun Yang","512 path to the white house","made by Mike Botstock","Interactive","Engineering","frontend","datavis","idea","NULL"
"-78","http://www.atomic-squirrel.net/startup-checklist/?ref=ybrikman-launch-post","Jevgeniy Brikman","The Startup Checklist","","Interactive","Fundraising","business","idea","resources","NULL"
"-79","https://www.themuse.com/advice/what-startups-should-know-about-hiring-a-lawyer","Jevgeniy Brikman","What Startups Should Know About Hiring A Lawyer","","Reading","business","legal","NULL","NULL","NULL"
"-80","https://www.sba.gov/starting-business/choose-register-your-business/choose-your-business-name","Jevgeniy Brikman","How to Name a Business","","Reading","business","legal","NULL","NULL","NULL"
"-81","http://mashable.com/2014/02/17/incorporate-your-startup/#lpt.Tt3Hlmqh","Jevgeniy Brikman","When you need to incorporate","8 situations when you need to incorporate","Reading","business","legal","learning","NULL","NULL"
"-82","https://www.irs.gov/businesses/small-businesses-self-employed/employer-id-numbers-eins","Jevgeniy Brikman","Employer ID Number","","Reading","business","legal","learning","NULL","NULL"
"-83","https://www.sendwithus.com/resources/templates","Jevgeniy Brikman","Email Templates","Responsive, free, and community driven email templates from Sendwithus","Website","Marketing","Product","resources","traction","NULL"
"-84","https://pixabay.com/","Xiaoyun Yang","Public Domain Free Images","","Website","Marketing","UX","photos","NULL","NULL"
"-85","http://autopsy.io/","Xiaoyun Yang","Failed Startup Autopsy","","Website","business","lessons","NULL","NULL","NULL"
"-86","http://publicdomainvectors.org/","Xiaoyun Yang","Public Domain Vectors","","Website","UX","Design","resources","NULL","NULL"
"-87","https://www.campaignmonitor.com/email-templates/#gallery","Xiaoyun Yang","HTML Email Template from Campaign Monitor","","Website","Marketing","Product","resources","traction","NULL"
"-88","http://mailchimp.com/features/email-templates/","Xiaoyun Yang","Email Templates from Chimp Monkey","","Website","Marketing","Product","resources","traction","NULL"
"-89","http://www.hello-startup.net/resources/design/?ref=startup-checklist","Jevgeniy Brikman","Hello Startup Design Resources","","Website","UX","resources","Design","NULL","NULL"
"-90","https://www.wikiwand.com/en/User_story","Jevgeniy Brikman","User Stories","","Reading","Marketing","business","use case","learning","NULL"
"-91","https://www.wikiwand.com/en/Persona_(user_experience)","Jevgeniy Brikman","Persona","","Reading","Marketing","business","use case","learning","NULL"
"-92","http://www.hello-startup.net/resources/images-photos-graphics/?ref=startup-checklist","Jevgeniy Brikman","Hello Startup Photos and Graphics resources","","Website","Marketing","resources","Design","NULL","NULL"
"-93","https://picjumbo.com/","Xiaoyun Yang","Free Stock Photos","","Website","Marketing","resources","photos","NULL","NULL"
"-94","http://www.hello-startup.net/resources/idea-validation/?ref=startup-checklist","Jevgeniy Brikman","Hello Startup Market Validation","","Website","Marketing","resources","traction","NULL","NULL"
"-95","http://www.hello-startup.net/resources/monetization/","Jevgeniy Brikman","Hello Startup Monetization","","Website","business","Resources","NULL","NULL","NULL"
"-96","http://www.hello-startup.net/resources/idea-validation/?ref=startup-checklist","Jevgeniy Brikman","Hello Startup Validating Your Ideas","","Website","Marketing","business","resources","NULL","NULL"
"-97","http://www.hello-startup.net/resources/mvp/","Jevgeniy Brikman","Hello Startup Minimum Viable Product","","Website","Marketing","business","resources","NULL","NULL"
"-98","http://www.hello-startup.net/resources/distribution/","Jevgeniy Brikman","Hello Startup Distribution Channels","","Website","Marketing","business","resources","NULL","NULL"
"-99","https://medium.com/the-coffeelicious/7-famous-quotes-re-imagined-as-clickbait-headlines-31d16469f8b7#.x6rcawz9t","Xiaoyun Yang","Click Bait Headlines for Blogs Ideas","","Reading","Marketing","traction","learning","blogging","NULL"
"-100","https://medium.com/product-hunt/use-these-8-marketing-tools-to-grow-your-startup-a8ed3eca91ce#.s7r2jkf1o","Xiaoyun Yang","8 Marketing Tools to Grow The Startup","","Reading","Marketing","traction","tools","NULL","NULL"
"-101","https://medium.com/@cdixon/the-internet-economy-fc43f3eff58a#.wtx80zt1u","Xiaoyun Yang","The Internet Economy - Where the money is","","Reading","Fundraising","business","NULL","NULL","NULL"
"-102","https://medium.com/building-a-startup/5-ways-to-write-better-emails-and-get-more-replies-c3bb72e39001#.vmxknou05","Xiaoyun Yang","How to Write Emails To Get Better Reply Rates","","Reading","Marketing","traction","learning","email","NULL"
"-103","http://www.advergize.com/marketing/brands/120-list-of-slogans-from-information-technology-companies/","Xiaoyun Yang","Slogan Ideas","A slogan is a mini mission statement","Reading","Marketing","resources","idea","NULL","NULL"
"-104","https://medium.com/product-hunt/11-must-have-resources-tools-for-freelancers-d4cb381c08c3#.prs4ei3wv","Xiaoyun Yang","Freelancer tools from Product Hunt","","Reading","Engineering","business","resources","freelance","NULL"
"-105","https://99deductions.com/","Xiaoyun Yang","99 Deductions","","Reading","business","legal","learning","NULL","NULL"
"-106","http://fundersandfounders.com/how-startup-valuation-works/","Xiaoyun Yang","Seed Funding Guide with infographics","How valuation for seed funding is calculated and how much money to ask for at seed funding.","Reading","Fundraising","business","NULL","NULL","NULL"
"-107","https://who.is/whois/looseleaf.com","LooseLeaf","Domain name for looseleaf - WHOIS lookup","Interested domain names: looseleaf.com (unlikely to get), mylooseleaf.com (inactive), looseleaf.io (inactive)","Website","Marketing","business","SEO","NULL","NULL"
"-108","https://support.google.com/domains/answer/3251242?hl=en&ref_topic=4490872","LooseLeaf","How to pick a domain nam","Do not pick .us because you won't be able to keep your information private at WHOIS","Reading","Marketing","business","SEO","NULL","NULL"
"-109","http://onewomanshop.com/2015/100-best-sites-for-solopreneurs/","Xiaoyun Yang","Best sites for solopreneurs","","Website","resources","business","NULL","NULL","NULL"
"-110","https://uxplanet.org/how-to-craft-effective-registration-f27caf633936?source=email-be1991002264-1471000178885-digest.reader------0&sectionName=tag&gi=37d7a02465a1","LooseLeaf","How to craft effective registration / login","The registration form","Reading","Design","UX","NULL","NULL","NULL"
"-111","https://www.quora.com/search?q=slogan+startups","LooseLeaf","Slogan for your startup","from Quora","Discussion","Marketing","business","Fundraising","NULL","NULL"
"-112","https://medium.com/the-coffeelicious/never-read-another-marketing-book-again-this-17-minute-post-will-make-you-a-world-class-marketer-41aff644e7fa#.xnbfqlrq0","LooseLeaf","Step-by-step marketing","10 years of experience; lessons learned","Reading","Marketing","business","learning","NULL","NULL"
"-113","https://medium.com/shopify-ux/product-vs-marketing-illustration-7ac474dfe2ed#.5zp5p0nao","LooseLeaf","Product and Marketing Illustration","The language of illustration and how it's applied differently between product and marketing. Scene illustrations vs. spot illustrations vs. icons.","Reading","Marketing","UX","learning","Design","NULL"
"-114","https://www.moo.com/us/startup-business-toolkit/","LooseLeaf","startup business toolkit","from moo.com ","Reading","Marketing","resources","NULL","NULL","NULL"
"-115","https://moz.com/beginners-guide-to-seo","LooseLeaf","SEO beginner guide","from moz - pretty comprehensive tutorial for SEO","Reading","Marketing","SEO","learning","NULL","NULL"
"-116","https://www.entrepreneur.com/article/225155","LooseLeaf","10 Questions VCs ask during seed round","This is a guide to prepare you for a pitch","Reading","Fundraising","NULL","NULL","NULL","NULL"
"-117","http://fundersandfounders.com/how-startup-valuation-works/","LooseLeaf","How Startup Valuation Work","Explainer infographics","Image","Fundraising","NULL","NULL","NULL","NULL"
"-118","http://the-social-entrepreneur.com/tools-and-resources/","LooseLeaf","The social-entrepreneur tools and resources","","Website","resources","business","tools","NULL","NULL"
"-119","https://medium.mybridge.co/21-amazing-open-source-ios-apps-written-in-swift-5e835afee98e?source=email-be1991002264-1472123294085-digest.reader------1-3&sectionName=recommended&gi=21b39a6cecf8","LooseLeaf","Open source projects for mobile apps built in swift","","Reading","Engineering","template","mobile","NULL","NULL"
"-120","https://medium.com/shopify-ux/building-a-new-illustration-style-for-shopify-2b25dcf14117#.39cugls8l","Xiaoyun Yang","building new illustration style for shopify","The thought process behind picking a new design. Plenty of inspiration.","Reading","Design","UX","idea","NULL","NULL"
"-121","https://medium.com/@yegg/mental-models-i-find-repeatedly-useful-936f1cc405d#.um4m167p1","Xiaoyun Yang","50 Useful Mental Models","My favorite includes: ""Arguing from first principles"", ""Confirmation bias"",  ""growth mindset vs. fixed mindset"", which is relevant for learning","Reading","business","reference","NULL","NULL","NULL"
"-122","http://www.ibm.com/design/thinking/keys/hills/","Xiaoyun Yang","Design Thinking from IBM","awesome tutorial","Reading","Design","reference","NULL","NULL","NULL"
"-123","https://code-cartoons.com/a-cartoon-intro-to-redux-3afb775501a6#.kigpedpgo","Xiaoyun Yang","A Cartoon Intro to Redux","Featuring a stick figure of Moss from IT crowd ","Image","frontend","learning","NULL","NULL","NULL"
"-124","https://medium.com/@david.gilbertson/how-to-reduce-incorrect-email-addresses-df3b70cb15a9#.x0diz8y56","Xiaoyun Yang","Sending User Activation Email","Including Code in Javascript","Reading","frontend","tutorial","NULL","NULL","NULL"
"-125","https://medium.com/startup-grind/seo-is-not-hard-a-step-by-step-seo-tutorial-for-beginners-that-will-get-you-ranked-every-single-1b903b3ab6bb#.a58dzn6tv","LooseLeaf","SEO step by step","","Reading","Marketing","SEO","NULL","NULL","NULL"
"-126","https://code.tutsplus.com/tutorials/developing-google-chrome-extensions--net-33076","Xiaoyun Yang","Chrome Plugin Tutorial","This is a good begineer's guide to building a Chrome Plugin/Extension","Reading","Engineering","frontend","NULL","NULL","NULL"
"-127","https://chatbotsmagazine.com/the-ai-machine-learning-glossary-for-marketers-dbf5f2658c84#.ipb2bravd","LooseLeaf","Machine Learning Glossary for Marketers","Well written intro to things like AI, machine learning, deep learning, supervised vs. unsupervised learning. In layman's terms.","Reading","Engineering","Marketing","NULL","NULL","NULL"
"-128","https://medium.com/@WebdesignerDepot/whats-new-for-designers-september-2016-610efdddd9fe#.1jqlxuk99","LooseLeaf","Online Resources for entrepreneurs","collection of things for web designers","Reading","Design","resources","template","NULL","NULL"
"-129","https://medium.com/behavior-design/die-dashboards-die-why-conversations-will-reinvent-software-a632880d5465#.1hyiv4rtq","LooseLeaf","Conversational User Interface - Die Dashboard Die","The goal of a conversational user interface (CUI) is to identify for the user what the next action is and faciilitate the process for them to act on the next action. This saves the user a ton of time hunting and second-guessing what to do next. We can give them a recommendation to do something next. The user can accept or reject the recommendation.","Reading","Engineering","Design","idea","NULL","NULL"
"-130","https://medium.muz.li/50-user-profile-page-design-inspiration-5c45aeeda400#.vxgn0imjp","LooseLeaf","User Interface Design Ideas","inspirations, templates, examples","Reading","Design","idea","template","NULL","NULL"
"-131","https://medium.com/conquering-corporate-america/from-medium-to-book-deal-in-12-months-656fb2738d51#.8gvwyki93","LooseLeaf","Ex Googler explains how she went from a Medium article to three book deals","ProTip: don't quit your job too early because it's hard to be creative with the mounting pressure of generatign income","Reading","Marketing","business","Blogging","NULL","NULL"
"-132","https://medium.freecodecamp.com/how-to-add-code-to-medium-and-get-syntax-highlighting-d699761a5883?source=bookmarks---------9-&gi=b1eaab579c7","LooseLeaf","Medium Tips: How to add code blocks","","Reading","Marketing","Blogging","traction","NULL","NULL"
"-133","https://uxplanet.org/soft-landing-10-design-concepts-of-landing-pages-bc4ea24f1518#.49jpdhxos","LooseLeaf","10 Design concepts for landing pages","","Reading","Design","idea","NULL","NULL","NULL"
"-134","https://github.com/facebook/react/wiki/Complementary-Tools","LooseLeaf","Complementary Tools for ReactJS","","Reading","Engineering","resources","tools","NULL","NULL"
"-135","https://attach.io/startup-pitch-decks/?ref=producthunt","Xiaoyun Yang","Startup Pitch Deck","A collection of real fundraising decks from real startups.","Website","Fundraising","resources","NULL","NULL","NULL"
"-136","https://tech.affirm.com/redux-patterns-and-anti-patterns-7d80ef3d53bc#.fg2cdnct2","LooseLeaf","ImmutableJS, redux patterns and anti-patterns","ImmutableJS gives you persistent datastructures that you need to write functional code in javascript.","Reading","Engineering","frontend","learning","NULL","NULL"
"-137","https://medium.com/@petrovg/a-few-things-i-wish-were-more-obvious-about-scalas-options-3c41c53cb58#.8v9vwn7q8","Xiaoyun Yang","Scala's Options - Some practical application","","Code","Engineering","Scala","learning","NULL","NULL"
"-138","https://hackernoon.com/from-callback-to-future-functor-monad-6c86d9c16cb5#.5s9jn9ld1","Xiaoyun Yang","From Callback to Future -> Functor -> Monad","How to implement a state machine to handle Future","Code","Engineering","frontend","learning","NULL","NULL"
"-139","https://productive.speedlancer.com/an-outsourcing-framework-systemising-and-hiring-with-success-pt-2-3-982bd6a769a5#.5n6wffhvn","LooseLeaf","Managing work: Outsource and delegate","Good tips for how to offload work and delegate to employees. Document everything and codify all processes","Reading","business","plan","NULL","NULL","NULL"
"-140","https://medium.com/@matanm/youtube-redesign-c27376294e06#.34fcmf4w6","LooseLeaf","UX Ideas - YouTube Design","Side bar and main page","Reading","UX","idea","NULL","NULL","NULL"
"-141","https://blog.prototypr.io/3-tips-for-better-dashboard-designs-26e028dfaca0#.ni7ryhggy","LooseLeaf","Dashboard Design principles","Visualizations should serve a specific purpose and convey specific high level information in a more effective way than the basic raw data format. The purpose of visualization is insight, not pictures.","Reading","UX","Design","NULL","NULL","NULL"
"-142","https://medium.com/@founding/dont-pitch-your-startup-until-you-ve-read-this-e032a5f2e809#.5j1lo796a","LooseLeaf","Startup Pitch - Advice, guide, must know","Includes a template/formula","Reading","Fundraising","tutorial","NULL","NULL","NULL"
"-143","https://m.signalvnoise.com/how-we-set-up-our-work-cbce3d3d9cae#.sfb95vqnd","LooseLeaf","How a startup structures its team - idea for LooseLeaf Team","Big batch vs small batch projects, six week cycle. Three member teams. Team member to member pitch.","Reading","business","idea","NULL","NULL","NULL"
"-144","https://medium.com/the-mission/going-public-vs-being-acquired-8a05e2370c3f#.sh8bxjkiv","LooseLeaf","Going public vs being acquired","","Reading","business","NULL","NULL","NULL","NULL"
"-145","https://medium.com/trafficandcopy/how-to-raise-investment-money-in-2017-without-losing-your-mind-a8c9832ff9df#.c6jlc6cvk","LooseLeaf","How to raise investment money in 2017","Good practical advice for approaching investors","Reading","business","fundraising","NULL","NULL","NULL"